archetype_id,participation_type,monetization,event_type,player_behavior,reward_type,effort_level,n_records,n_games
arch_01,Active,Free,Existing,Mission,Currency,Mid,172,4
arch_02,Login,Free,Existing,Login,Currency,Low,80,4
arch_03,Active,Paid,CashShop,Purchase,Skin,Low,75,4
arch_04,Login,Free,Balance,Login,None,Mid,67,4
arch_05,Login,Free,NewContent,Login,None,Low,67,3
arch_06,Active,Paid,CashShop,Purchase,Currency,Low,66,4
arch_07,Active,Paid,CashShop,Purchase,Gacha,Low,61,2
arch_08,Active,Paid,CashShop,Purchase,Pass,Low,45,3
arch_09,Active,Free,NewContent,Mission,Currency,Mid,43,4
arch_10,Active,Free,Promo,Stream,Skin,Low,39,2
arch_11,Active,Free,Existing,Mission,Skin,Mid,39,3
arch_12,Active,Free,Existing,OutGame,Currency,Low,38,2
arch_13,Active,Free,Existing,Mission,Currency,High,38,3
arch_14,Active,Paid,Collab,Purchase,Currency,Low,34,2
arch_15,Active,Paid,Collab,Purchase,Skin,Low,29,3
arch_16,Active,Free,Promo,Stream,Currency,Low,28,3
arch_17,Active,Paid,CashShop,Purchase,Goods,Low,24,1
arch_18,Active,Free,Promo,Stream,Gacha,Low,19,1
arch_19,Active,Paid,Collab,Purchase,Gacha,Low,18,2
arch_20,Active,Free,NewContent,Mission,Skin,Mid,17,3
arch_21,Active,Free,Existing,Mission,Currency,Low,15,3
arch_22,Login,Free,Season,Login,None,Low,15,2
arch_23,Active,Free,Social,Mission,Currency,Mid,14,3
arch_24,Active,Free,Promo,OutGame,Currency,Mid,13,2
arch_25,Login,Free,Anniversary,Login,Currency,Low,11,3
arch_26,Login,Free,Collab,Login,Currency,Low,11,1
arch_27,Active,Free,Season,Mission,Currency,Mid,11,1
arch_28,Active,Paid,Promo,Purchase,Skin,Low,10,1
arch_29,Active,Free,Existing,OutGame,Currency,Mid,10,2
arch_30,Active,Paid,Collab,Mission,Skin,Low,9,1
arch_31,Active,Free,NewContent,Mission,Currency,High,9,3
arch_32,Active,Free,Collab,Mission,Currency,Mid,8,2
arch_33,Active,Free,Existing,OutGame,Lottery,Low,8,1
arch_34,Active,Free,Existing,Mission,Lottery,Mid,7,1
arch_35,Active,Free,Esports,OutGame,Currency,Low,7,2
arch_36,Active,Free,Anniversary,Mission,Currency,Mid,6,2
arch_37,Active,Free,Collab,Mission,Skin,Mid,6,1
arch_38,Login,Free,NewContent,Login,None,Mid,6,3
arch_39,Active,Free,Promo,OutGame,Currency,Low,6,1
arch_40,Active,Free,Existing,OutGame,Skin,Mid,6,3
arch_other,(pooled: 116 low-frequency combinations),(pooled: 116 low-frequency combinations),(pooled: 116 low-frequency combinations),(pooled: 116 low-frequency combinations),(pooled: 116 low-frequency combinations),(pooled: 116 low-frequency combinations),216,4
